Url,content_count_words
https://anpamengineering.com/accolades/,128
https://anpamengineering.com/air-filter-assembly/,180
https://anpamengineering.com/clients/,100
https://anpamengineering.com/contact-us/,133
https://anpamengineering.com/discharge-assembly/,154
https://anpamengineering.com/downloads/,195
https://anpamengineering.com/form/,132
https://anpamengineering.com/gallery/,145
https://anpamengineering.com/iso/,99
https://anpamengineering.com/senior-accountant/,133
https://anpamengineering.com/services/,100
https://anpamengineering.com/steam-blowing-silencer/,162
https://anpamengineering.com/suction-assembly/,197
https://anpamengineering.com/welder-and-fitters-form/,132
https://anpamengineering.com/wpos_aac_slider/accordian-mobile/,107
https://anpamengineering.com/wpos_aac_slider/acordian/,107
