Url,meta_description_length
https://anpamengineering.com/accolades/,0
https://anpamengineering.com/autocad-design-engineer-with-pressure-vessel-expertise/,0
https://anpamengineering.com/clients/,0
https://anpamengineering.com/discharge-assembly/,0
https://anpamengineering.com/downloads/,0
https://anpamengineering.com/form/,0
https://anpamengineering.com/gas-vent-silencer/,0
https://anpamengineering.com/industrial-silencer-in-andhra-pradesh/,0
https://anpamengineering.com/industrial-silencer-in-chennai-2/,0
https://anpamengineering.com/industrial-silencer-in-chennai/,0
https://anpamengineering.com/industrial-silencer-in-delhi/,0
https://anpamengineering.com/industrial-silencer-in-gujarat/,0
https://anpamengineering.com/industrial-silencer-in-haryana/,0
https://anpamengineering.com/industrial-silencer-in-kolkata/,0
https://anpamengineering.com/industrial-silencer-in-maharashtra/,0
https://anpamengineering.com/industrial-silencer-in-punjab/,0
https://anpamengineering.com/industrial-silencer-in-rajasthan/,0
https://anpamengineering.com/industrial-silencer-in-uttar-pradesh/,0
https://anpamengineering.com/industrial-silencer-in-west-bengal/,0
https://anpamengineering.com/iso/,0
https://anpamengineering.com/quality-policy/,0
https://anpamengineering.com/senior-accountant-with-gst-filing-experience/,0
https://anpamengineering.com/senior-accountant/,0
https://anpamengineering.com/services/,0
https://anpamengineering.com/suction-assembly/,0
https://anpamengineering.com/warm-up-vent-silencer/,0
https://anpamengineering.com/welder-and-fitter/,0
https://anpamengineering.com/welder-and-fitters-form/,0
https://anpamengineering.com/wpos_aac_slider/accordian-mobile/,0
https://anpamengineering.com/wpos_aac_slider/acordian/,0
