Url,title
https://anpamengineering.com/about-us/,About us | Anpam Engineering
https://anpamengineering.com/accolades/,Accolades | Anpam Engineering
https://anpamengineering.com/better-understand-the-blow-down-silencer-principles/,Blow Down Silencer 2025
https://anpamengineering.com/blog-steam-vent-silencer/,Steam Vent Silencer 2025
https://anpamengineering.com/blog/,Blog | Anpam Engineering
https://anpamengineering.com/blow-down-silencer/,Blow Down Silencer
https://anpamengineering.com/careers/,Anpam Engineering | Careers
https://anpamengineering.com/clients/,Clients | Anpam Engineering
https://anpamengineering.com/contact-us/,Contact | Anpam Engineering
https://anpamengineering.com/cryogenic-pressure-vessels/,Cryogenic Pressure Vessels
https://anpamengineering.com/downloads/,Downloads | Anpam Engineering
https://anpamengineering.com/gallery/,Gallery | Anpam Engineering
https://anpamengineering.com/gas-turbine-exhaust-silencer/,Gas Turbine Exhaust Silencer
https://anpamengineering.com/industrial-silencer/,Industrial Silencer
https://anpamengineering.com/iso/,ISO | Anpam Engineering
https://anpamengineering.com/oil-and-gas-separators/,Oil and Gas Separators
https://anpamengineering.com/pressure-vessel-manufacturer-gujarat/,Pressure Vessel Manufacturer
https://anpamengineering.com/pressure-vessel-manufacturing/,Pressure Vessel
https://anpamengineering.com/reactor-manufacturer-in-india/,Reactor Manufacturer in India
https://anpamengineering.com/services/,Services | Anpam Engineering
https://anpamengineering.com/shell-and-tube-heat-exchanger/,shell and tube heat exchanger
https://anpamengineering.com/steam-vent-silencer/,Steam Vent Silencer
https://anpamengineering.com/welder-and-fitter/,Welder and Fitter 2025
https://anpamengineering.com/what-is-an-air-receiver/,What is an air receiver?
https://anpamengineering.com/wpos_aac_slider/acordian/,acordian | Anpam Engineering
